Table A. EPMA and QEMSCAN results in wt% for selected sphalerite grains,,,,,,,,,,,,,,,,,,,,,
,,,,,,,,,,,,,,,,,,,,,
Analysis No.,Sample,ParticleID,Raw EPMA data,,,,,,,Normalized EPMA data,,,,,Raw QEMSCAN data,,,,Normalized QEMSCAN data,,
,,,Fe,Zn,Cu,S,Cd,Mn,Total,Fe,Zn,S,Cd,Mn,S,Mn,Fe,Zn,Mn,Fe,Zn
1,Zn-Conc,4761,4.2,62.4,0,32.4,0.2,0.5,99.7,4.2,62.6,32.5,0.2,0.5,34.1,0.6,4.5,66,0.5,4.2,62
2,Zn-Conc,4894,4.3,62.5,0,32.5,0.2,0.5,100,4.3,62.5,32.5,0.2,0.5,34.8,0.6,4.6,66.5,0.5,4.3,62
3,Zn-Conc,4797c,6.7,59,0,32.5,0.2,1.2,99.6,6.7,59.2,32.7,0.2,1.2,35.6,1.5,7,63.4,1.4,6.5,58.9
4,Zn-Conc,4853,3.7,62.7,0,32.5,0.2,0.6,99.8,3.7,62.8,32.6,0.2,0.6,34.6,0.6,3.9,66.8,0.6,3.6,62.6
5,Zn-Conc,4783,3.9,62.5,0,32.6,0.2,0.8,100,3.9,62.5,32.6,0.2,0.8,34.7,0.8,4.2,66.4,0.7,3.9,62.1
6,Zn-Conc,4834b,5.1,61.6,0,32.6,0.2,0.3,99.9,5.1,61.7,32.6,0.2,0.3,34.4,0.4,5.1,65.5,0.3,4.8,61.6
7,Zn-Conc,4824b,3.5,63.3,0,32.6,0.3,0.3,100,3.5,63.3,32.6,0.3,0.3,34.1,0.5,3.7,65.3,0.5,3.6,62.8
8,Zn-Conc,4787,6,60.6,0,32.7,0.2,0.6,100,6,60.6,32.6,0.2,0.6,35.2,0.6,6.1,65.5,0.6,5.6,60.6
9,Zn-Conc,4865a,7.1,59.3,0,32.7,0.2,0.6,99.9,7.1,59.4,32.7,0.2,0.6,35.1,0.7,7.6,64.7,0.7,6.9,59.2
10,Zn-Conc,4834a,5,62.1,0,32.7,0.2,0.3,100.4,5,61.8,32.6,0.2,0.3,34.9,0.4,5.1,65.3,0.4,4.8,61.6
11,Zn-Conc,4864,6.7,59.7,0,32.7,0.2,0.7,100.1,6.7,59.7,32.7,0.2,0.7,35.2,0.8,7,63.7,0.8,6.5,59.5
12,Zn-Conc,4841b,3.5,63.5,0,32.7,0.3,0.4,100.3,3.5,63.3,32.6,0.2,0.4,34.2,0.4,3.5,65.9,0.4,3.3,63.1
13,Zn-Conc,4842b,4,63.3,0,32.7,0.2,0.3,100.5,3.9,63,32.6,0.2,0.3,34.2,0.4,4.1,66.3,0.3,3.9,62.6
14,Zn-Conc,4810,6.7,59.1,0,32.7,0.2,1.1,99.9,6.7,59.2,32.8,0.2,1.1,35.5,1.1,6.7,64.7,1,6.2,59.6
15,Zn-Conc,4842a,5.8,60.7,0,32.8,0.2,0.6,100.1,5.8,60.6,32.7,0.2,0.6,34.4,0.5,5.8,64.7,0.5,5.5,60.9
16,Zn-Conc,4878,6.2,60.3,0,32.8,0.2,0.6,100.1,6.2,60.3,32.7,0.2,0.6,34.9,0.7,6.2,65.9,0.6,5.7,60.5
17,Zn-Conc,4797b,5.4,60.5,0,32.8,0.3,1.1,100,5.4,60.4,32.7,0.3,1.1,35.6,1.1,5.5,65.6,1,5.1,60.7
18,Zn-Conc,4858,4.9,61.1,0,32.8,0.2,1.1,100,4.9,61.1,32.8,0.2,1.1,34.8,1.1,5.2,65.3,1,4.9,60.9
19,Zn-Conc,4812,5,61.2,0,32.8,0.2,0.7,99.9,5,61.3,32.8,0.2,0.7,35,0.7,5,66.6,0.7,4.6,61.5
20,Zn-Conc,4771,6.1,60.9,0,32.8,0.3,0.1,100.2,6.1,60.8,32.7,0.3,0.1,35.8,0.3,6.3,65.7,0.3,5.8,60.7
21,Zn-Conc,4785,5.1,61.4,0,32.8,0.2,0.4,99.9,5.1,61.5,32.8,0.2,0.4,35.2,0.4,5.4,64.7,0.4,5.1,61.3
22,Zn-Conc,4833,5.4,60.5,0,32.8,0.2,0.9,99.8,5.4,60.6,32.8,0.2,0.9,34.9,0.9,5.5,63.5,0.9,5.2,60.7
23,Zn-Conc,4794,6.6,59,0,32.8,0.2,1.2,99.8,6.6,59.1,32.9,0.2,1.2,35.8,1.1,7.1,65.8,1,6.4,59.4
24,Zn-Conc,4896b,5.7,60.4,0,32.8,0.2,0.7,99.9,5.7,60.5,32.8,0.2,0.7,35.7,0.8,6.1,65.6,0.7,5.7,60.4
25,Zn-Conc,4891,4.4,62.1,0,32.8,0.2,0.6,100.2,4.4,62,32.7,0.2,0.6,34.5,0.7,4.9,66.4,0.7,4.6,61.6
26,Zn-Conc,4829,6.1,59.6,0,32.8,0.2,1.1,99.8,6.1,59.7,32.9,0.2,1.1,35.2,1,6.5,65.1,1,6,59.9
27,Zn-Conc,4872,3.7,63.5,0,32.8,0.3,0.4,100.7,3.7,63,32.6,0.2,0.4,34.4,0.5,4.1,65.5,0.5,3.9,62.4
28,Zn-Conc,4862,5.8,60.5,0,32.8,0.1,0.6,99.8,5.8,60.6,32.9,0.1,0.6,34.8,0.6,5.7,67.1,0.6,5.2,61.1
29,Zn-Conc,4781,5,61.7,0,32.8,0.2,0.3,100.2,5,61.6,32.8,0.2,0.3,34.7,0.4,5.2,66,0.4,4.8,61.6
30,Zn-Conc,4816,6.4,59.8,0,32.8,0.2,1,100.2,6.4,59.7,32.8,0.2,1,36,1,6.8,64.5,0.9,6.3,59.6
31,Zn-Conc,4760,6.7,59.7,0,32.9,0.2,0.5,100,6.7,59.7,32.9,0.2,0.5,35.6,0.6,7.3,63,0.6,6.9,59.4
32,Zn-Conc,4836,5,61.9,0,32.9,0.2,0.3,100.3,5,61.7,32.8,0.2,0.3,34.6,0.5,5.4,66,0.5,5,61.3
33,Zn-Conc,4859,6.4,59.4,0,32.9,0.2,1.2,100.1,6.4,59.3,32.8,0.2,1.2,35.9,1.1,6.7,63.5,1.1,6.2,59.5
34,Zn-Conc,4778,7.2,57.1,0,32.9,0.2,2.3,99.7,7.2,57.3,33,0.2,2.3,36.4,2.5,7,63,2.3,6.5,58
35,Zn-Conc,4764,4.3,61.9,0,32.9,0.2,0.5,99.7,4.3,62.1,33,0.2,0.5,34.5,0.6,4.6,65.4,0.5,4.3,61.9
36,Zn-Conc,4851e,6.5,60.1,0,32.9,0.2,0.5,100.2,6.5,60,32.8,0.2,0.5,35.4,0.7,6.6,65.1,0.6,6.1,60.1
37,Zn-Conc,4889,6.8,59.7,0,32.9,0.2,0.7,100.4,6.8,59.5,32.8,0.2,0.7,35.3,0.7,6.8,64.1,0.7,6.3,59.8
38,Zn-Conc,4818,6.1,59.3,0,32.9,0.1,1.6,100,6.1,59.3,32.9,0.1,1.6,35.9,1.7,6.4,64.8,1.6,5.9,59.3
39,Zn-Conc,4788b,7,59.7,0,32.9,0.2,0.5,100.5,7,59.5,32.8,0.2,0.5,35.1,0.5,7,64.7,0.5,6.5,59.9
40,Zn-Conc,4851d,5.4,61.2,0,32.9,0.2,0.6,100.3,5.4,61,32.8,0.2,0.6,35.4,0.6,5.5,66.8,0.5,5,61.2
41,Zn-Conc,4851c,7.9,56.4,0,32.9,0.2,2.4,99.9,7.9,56.5,33,0.2,2.5,37,2.8,8.3,61.1,2.6,7.7,56.5
42,Zn-Conc,4840,5.8,60.9,0,32.9,0.2,0.6,100.4,5.8,60.7,32.8,0.2,0.6,34.8,0.5,6.1,66.2,0.4,5.6,60.8
43,Zn-Conc,4852,4.6,62.6,0,32.9,0.2,0.4,100.8,4.6,62.1,32.7,0.2,0.4,35.1,0.4,4.9,66.6,0.4,4.5,61.9
44,Zn-Conc,4832,7,59.1,0,33,0.2,1.2,100.4,7,58.8,32.8,0.2,1.1,35.6,1.1,7.3,64.2,1,6.7,59.1
45,Zn-Conc,4788a,7.8,56.7,0,33,0.2,2.5,100.2,7.8,56.6,32.9,0.2,2.5,37,2.7,8,62.8,2.5,7.3,57.1
46,Zn-Conc,4897,5.9,60.4,0,33,0.2,0.7,100.2,5.9,60.3,32.9,0.2,0.7,34.7,0.8,6.1,64.4,0.8,5.7,60.3
47,Zn-Conc,4809,7,59.2,0,33,0.2,0.8,100.2,7,59.1,32.9,0.2,0.8,35.3,0.9,7.3,64.4,0.8,6.7,59.3
48,Zn-Conc,4751,7.1,59.1,0,33,0.2,0.9,100.4,7.1,58.9,32.9,0.2,0.9,35.6,1,7.5,64.3,0.9,6.9,59
49,Zn-Conc,4848,8.5,55.9,0,33,0.2,2.7,100.2,8.4,55.8,32.9,0.2,2.7,37.2,2.9,8.8,62.6,2.6,7.9,56.3
50,Zn-Conc,4885,6.5,60.5,0,33,0.2,0.4,100.5,6.4,60.2,32.8,0.2,0.4,35.4,0.5,6.8,65,0.5,6.3,60.1
51,Zn-Conc,4879,7,59.7,0,33,0.2,0.5,100.5,7,59.4,32.8,0.2,0.5,36.9,0.6,7.9,63,0.6,7.4,58.8
52,Zn-Conc,4882,9.3,53.1,0,33,0.1,4.2,99.8,9.4,53.2,33.1,0.1,4.2,38,4.5,10.2,59.3,4,9.2,53.6
53,Zn-Conc,4857,7.5,58.3,0,33.1,0.2,1,100,7.5,58.3,33,0.2,1,35.9,1,7.9,63.7,0.9,7.3,58.6
54,Zn-Conc,4860,6.9,59,0,33.1,0.2,1.1,100.3,6.9,58.9,33,0.2,1.1,36.1,1.1,7.3,64.3,1,6.7,59.1
55,Zn-Conc,4903,6.7,59.7,0,33.1,0.2,0.6,100.2,6.7,59.5,33,0.2,0.6,35.8,0.7,7.3,66.4,0.7,6.6,59.6
56,Zn-Conc,4869,7.8,57.9,0,33.1,0.2,1.4,100.5,7.8,57.7,32.9,0.2,1.4,35.8,1.3,7.8,63.7,1.2,7.1,58.5
57,Zn-Conc,4814,7.1,58.8,0,33.1,0.2,0.7,100,7.1,58.8,33.1,0.2,0.7,35.6,0.8,7.4,64.7,0.7,6.8,59.3
58,Zn-Conc,4819,7.1,59.6,0,33.1,0.2,0.6,100.6,7.1,59.2,32.9,0.2,0.6,35.9,0.7,7.7,64.9,0.7,7,59.1
59,Zn-Conc,4898,6.2,60.2,0,33.1,0.2,0.7,100.4,6.2,60,33,0.2,0.6,35.7,0.6,6.5,66.3,0.5,5.9,60.4
60,Zn-Conc,4824a,8.2,56.1,0,33.1,0.2,2.4,100.1,8.2,56.1,33.1,0.2,2.4,37.1,2.4,8.3,60.4,2.3,7.8,56.7
61,Zn-Conc,4863,7.1,58.9,0,33.1,0.2,1.3,100.7,7.1,58.6,32.9,0.2,1.3,35.9,1.1,7.5,64.1,1,6.9,58.9
62,Zn-Conc,4793,7,59.1,0,33.1,0.2,0.9,100.4,7,58.9,33,0.2,0.9,36.1,0.9,7.5,64.9,0.8,6.8,59.1
63,Zn-Conc,4769,7.8,57.2,0,33.1,0.2,1.7,100,7.8,57.1,33.1,0.2,1.7,36.4,1.8,8.4,63.5,1.7,7.6,57.5
64,Zn-Conc,4865b,7,59.6,0,33.1,0.2,0.5,100.4,7,59.3,33,0.2,0.5,36.2,0.6,6.4,62.9,0.5,6.2,60.1
65,Zn-Conc,4782,6.2,59.9,0,33.1,0.2,1.1,100.6,6.2,59.5,33,0.2,1.1,35.6,1.1,6.5,65.9,1,5.9,59.9
66,Zn-Conc,4806,6.1,57.1,0,33.1,0.2,3.6,100.1,6.1,57,33.1,0.2,3.6,35.7,4.3,6.7,61.9,4,6.2,56.7
67,Zn-Conc,4883,6.1,60.6,0,33.2,0.2,0.9,100.9,6,60,32.9,0.2,0.9,35.2,0.8,6.3,65.1,0.7,5.8,60.2
68,Zn-Conc,4791,7.3,58.7,0,33.2,0.2,1,100.4,7.2,58.5,33,0.2,1,36.1,1,7.7,65.4,0.9,6.9,58.9
69,Zn-Conc,4893,8,56.1,0,33.2,0.1,2.6,100.1,8,56.1,33.2,0.1,2.6,36.6,3,8,61.8,2.7,7.3,56.7
70,Zn-Conc,4841a,5.4,60.7,0,33.2,0.3,1.2,100.8,5.4,60.3,32.9,0.3,1.2,34.9,1.2,5.7,65.4,1.1,5.2,60.5
71,Zn-Conc,4797d,7.3,59.1,0,33.2,0.2,0.6,100.4,7.3,58.9,33.1,0.2,0.6,35.1,0.8,7.7,64.2,0.8,7.1,58.9
72,Zn-Conc,4797a,7.8,57.4,0,33.3,0.2,1.4,100.1,7.8,57.4,33.3,0.2,1.4,36.1,1.4,7.5,64.2,1.3,6.9,58.7
73,Zn-Conc,4896a,6.8,59.3,0,33.3,0.3,1.1,100.9,6.8,58.8,33,0.3,1.1,36.2,1.2,7.2,64.2,1.1,6.6,59
74,Zn-Conc,4851b,8,57.9,0,33.3,0.2,1.4,100.9,8,57.4,33,0.2,1.4,36.2,1.3,8.3,64,1.2,7.6,58.1
75,Zn-Conc,4805,7.7,53.5,0,33.6,0.2,5.2,100.2,7.7,53.3,33.6,0.2,5.2,37.1,5.5,8,60.3,4.9,7.2,54.6
76,Zn-Conc,4851a,8.6,55.6,0,33.8,0.1,2.9,101,8.5,55,33.5,0.1,2.9,36.8,2.7,8.3,61.9,2.5,7.6,56.8
77,Zn-Conc,4820,7.4,56.4,0,33,0.2,2.6,99.5,7.4,56.6,33.1,0.2,2.6,37.9,2.6,9.4,60.6,2.4,8.6,55.8
78,Zn-Conc,4774,2.7,63.3,0,32.7,0.2,1,100,2.7,63.3,32.7,0.2,1,34.4,1,3.2,67.2,1,3,62.9
79,Zn-Tails,5164,5,60.5,0,32.7,0.2,0.9,99.4,5.1,60.9,32.9,0.2,1,36.8,1,5.3,61.7,1,5.2,60.6
80,Zn-Tails,7052,3.9,61.9,0,33,0.2,0.7,99.8,3.9,62.1,33.1,0.2,0.7,35.5,0.8,4.3,63.4,0.8,4.2,61.9
81,Zn-Tails,5228,2.4,63.5,0,33.6,0.3,1.2,101,2.4,62.8,33.3,0.3,1.2,35.5,1.3,2.7,63.2,1.3,2.7,62.8
82,Zn-Tails,7054,4,62.2,0,33.7,0.2,0.5,100.6,4,61.8,33.5,0.2,0.5,35.5,0.6,4.2,66.2,0.6,4,62.3
83,Zn-Tails,7128,4.8,61.3,0,32.9,0.3,0.4,99.7,4.8,61.5,33,0.3,0.4,35.3,0.5,6.7,66.9,0.5,6.1,60.3
84,Zn-Tails,7171,4.5,61.9,0,33,0.2,0.5,100.1,4.5,61.8,32.9,0.2,0.5,35.7,0.5,4.8,62.9,0.5,4.7,61.6
85,Zn-Tails,7220,4.1,62.5,0,33,0.2,0.4,100.3,4.1,62.3,32.9,0.2,0.4,36.8,0.5,4.2,62.9,0.5,4.2,62.1
86,Zn-Tails,7186,6.7,59.2,0,33.4,0.2,0.6,100.1,6.7,59.1,33.4,0.2,0.6,36.6,0.6,6.8,62,0.6,6.6,59.7
87,Zn-Tails,7214,5.9,60.4,0,33.4,0.2,0.6,100.6,5.9,60,33.2,0.2,0.6,36.3,0.7,6.4,63.9,0.6,6,60.2
88,Zn-Tails,5066,3.9,62.5,0,32.8,0.2,0.5,99.9,3.9,62.5,32.8,0.2,0.5,35.7,0.6,3.9,62.3,0.6,3.9,62.3
89,Zn-Tails,5126,5.5,60.5,0,32.8,0.2,0.6,99.5,5.5,60.8,32.9,0.2,0.6,35.9,0.8,5.5,59.5,0.8,5.6,60.4
90,Zn-Tails,5081,6.5,58.5,0,33.1,0.2,1.3,99.6,6.5,58.7,33.2,0.2,1.3,36.2,1.2,7.2,62.6,1.1,6.8,58.9
91,Zn-Tails,5063,8.3,56.2,0,33.2,0.1,1.8,99.5,8.3,56.4,33.3,0.1,1.8,38,2,8.5,59.4,2,8.1,56.8
92,Zn-Tails,7476,7.6,58.1,0,32.8,0.2,0.6,99.4,7.7,58.4,33,0.2,0.6,36.3,0.7,7.7,62.2,0.7,7.3,58.9
93,Zn-Tails,7530,2.9,64.1,0,32.9,0.2,0.4,100.6,2.9,63.7,32.8,0.2,0.4,34.4,0.5,3.1,65.4,0.5,3,63.3
94,Zn-Tails,7573,5.6,60.2,0,33,0.2,0.6,99.6,5.7,60.5,33.1,0.2,0.6,35.3,0.7,6,63.2,0.7,5.7,60.4
95,Zn-Tails,7572,4.7,61.6,0,33,0.2,0.5,100,4.7,61.6,33,0.2,0.5,35.6,0.5,4.8,64,0.5,4.6,61.7
96,Zn-CTails2,7913a ,6.6,58.6,0,33,0.4,1.2,99.9,6.6,58.7,33.1,0.4,1.2,36.6,1.3,7.3,66.9,1.2,6.4,59.2
97,Zn-CTails2,7913b ,6.6,58.8,0,33.2,0.2,1.3,100.1,6.6,58.7,33.2,0.2,1.3,37.1,1.4,7.3,65.5,1.3,6.6,58.9
98,Zn-CTails2,7934,3.9,62.6,0,32.6,0.2,0.2,99.5,4,62.9,32.7,0.2,0.2,34.2,0.5,4.2,70.2,0.4,3.8,62.6
99,Zn-CTails2,7942,3.9,62.4,0,32.7,0.2,0.6,99.7,3.9,62.6,32.8,0.2,0.6,35,0.7,4.3,69.5,0.7,3.9,62.2
100,Zn-CTails2,7956a ,7.4,58.5,0,32.7,0.2,1,99.9,7.4,58.6,32.7,0.2,1,36.5,1,7.7,67.2,0.9,6.7,59.1
101,Zn-CTails2,7948,3.9,63,0,32.7,0.2,0.4,100.3,3.9,62.9,32.6,0.2,0.4,35,0.5,4.4,70,0.4,4,62.4
102,Zn-CTails2,7974,5.4,61,0,32.7,0.2,0.6,99.9,5.4,61.1,32.8,0.2,0.6,35.4,0.7,5.7,68.4,0.6,5.1,61.1
103,Zn-CTails2,7956c ,3.8,63.1,0,32.7,0.3,0.3,100.3,3.8,62.9,32.7,0.3,0.3,35.2,0.5,4.1,70.3,0.4,3.7,62.7
104,Zn-CTails2,7956b ,3.8,62.5,0,32.8,0.3,0.3,99.7,3.9,62.7,32.9,0.3,0.3,35.4,0.5,4.1,69.7,0.5,3.7,62.6
105,Zn-CTails2,7924,3.9,62.7,0,32.8,0.2,0.4,100,3.9,62.7,32.8,0.2,0.4,36,0.6,4.1,68.9,0.5,3.7,62.6
106,Zn-CTails2,7954c ,4.5,62.4,0,32.8,0.2,0.4,100.3,4.5,62.2,32.7,0.2,0.4,35.6,0.5,4.9,69.9,0.4,4.3,62.1
107,Zn-CTails2,7950,3.9,62.8,0,32.8,0.2,0.6,100.3,3.9,62.6,32.7,0.2,0.6,35,0.7,4.3,69.5,0.6,3.9,62.3
108,Zn-CTails2,7935,5.7,61.5,0,32.9,0.2,0.4,100.6,5.6,61.1,32.7,0.2,0.4,35.6,0.6,6,68.4,0.5,5.4,60.9
109,Zn-CTails2,7921,4.5,61.3,0,32.9,0.2,1,99.9,4.5,61.4,32.9,0.2,1,35.8,1.1,4.9,68.4,1,4.4,61.4
110,Zn-CTails2,7943,5.7,60.1,0,32.9,0.2,0.4,99.4,5.7,60.5,33.1,0.2,0.4,35.5,0.4,6.3,68.5,0.4,5.6,60.8
111,Zn-CTails2,7955a ,7.3,58.5,0,33,0.2,1,99.9,7.3,58.5,33,0.2,1,37.2,1,7.7,66.2,0.9,6.9,59
112,Zn-CTails2,7954b ,4.8,62,0,33,0.2,0.3,100.3,4.8,61.8,32.9,0.2,0.3,35.6,0.5,5.3,69.6,0.5,4.7,61.6
113,Zn-CTails2,7966,4.6,62.3,0,33,0.2,0.3,100.5,4.6,62,32.9,0.2,0.3,35.3,0.5,4.9,70.3,0.5,4.3,62
114,Zn-CTails2,7991,5.7,60.3,0,33.1,0.3,0.8,100.2,5.7,60.3,33.1,0.3,0.8,36.6,0.8,6.1,67.4,0.8,5.5,60.5
115,Zn-CTails2,7914a ,6.5,59.2,0,33.1,0.2,1.1,100.1,6.5,59.1,33.1,0.2,1.1,35.6,1.2,6.9,65.2,1.1,6.3,59.4
116,Zn-CTails2,7914b ,7.9,56.9,0,33.2,0.2,1.8,99.9,7.9,56.9,33.2,0.2,1.8,36.8,2.1,8.6,64.3,1.8,7.7,57.3
117,Zn-CTails2,7958,5,61.8,0,33.3,0.3,0.3,100.6,5,61.4,33.1,0.3,0.3,35.3,0.5,5.4,69.5,0.4,4.8,61.6
118,Zn-CTails2,7954a ,6.2,60,0,33.3,0.3,1.1,100.8,6.1,59.5,33.1,0.3,1,36.8,1.2,6.6,67.3,1,5.9,59.9
119,Zn-CTails2,7955b ,7,58.9,0,33.4,0.2,0.9,100.3,6.9,58.7,33.3,0.2,0.9,36.6,1,7.8,67.2,0.9,6.9,59
120,Zn-CTails2,8008,3.9,62.2,0,32.5,0.2,0.5,99.3,4,62.7,32.7,0.2,0.5,34.8,0.6,4.3,70.9,0.5,3.8,62.5
121,Zn-CTails2,8034b ,5.4,60,0,32.5,0.3,0.7,99,5.4,60.6,32.9,0.3,0.8,35.2,0.7,5.4,64.9,0.7,5.1,61
122,Zn-CTails2,7996b ,4.1,62.7,0,32.6,0.3,0.4,100,4.1,62.7,32.6,0.3,0.4,34.9,0.5,4.5,69.6,0.5,4.1,62.3
123,Zn-CTails2,7996a ,3.7,62.6,0,32.6,0.2,0.7,99.8,3.7,62.8,32.6,0.2,0.7,34.9,0.9,4.1,71.3,0.8,3.6,62.4
124,Zn-CTails2,8034a ,3.6,62.7,0,32.6,0.3,0.3,99.5,3.6,63,32.8,0.3,0.3,35,0.5,3.8,72.6,0.4,3.3,63.1
125,Zn-CTails2,8031,5.1,61.6,0,32.7,0.3,0.2,99.9,5.1,61.7,32.7,0.3,0.2,35.7,0.4,5.5,71.4,0.3,4.8,61.7
126,Zn-CTails2,8030a ,7.1,58.1,0,32.7,0.2,0.8,98.9,7.2,58.7,33.1,0.2,0.8,37,1,7.7,67.1,0.8,6.8,59.1
127,Zn-CTails2,8028,3.6,63.2,0,32.7,0.2,0.4,100.1,3.6,63.1,32.7,0.2,0.4,34.9,0.5,4,71.1,0.4,3.5,62.9
128,Zn-CTails2,8029,2.6,63.8,0,32.8,0.3,0.5,100,2.6,63.8,32.8,0.3,0.5,35.8,0.7,2.9,72.1,0.6,2.6,63.7
129,Zn-CTails2,8025c ,5.7,60.7,0,32.9,0.2,0.4,99.9,5.7,60.8,32.9,0.2,0.4,35.9,0.5,6.4,70,0.5,5.5,60.8
130,Zn-CTails2,8025a ,3.9,62.8,0,32.9,0.2,0.5,100.3,3.9,62.6,32.8,0.2,0.5,34.9,0.7,4.1,71.5,0.6,3.6,62.6
131,Zn-CTails2,8020,5.2,61.6,0,33,0.2,0.3,100.3,5.2,61.4,32.9,0.2,0.3,35.5,0.5,5.7,71.1,0.4,4.9,61.5
132,Zn-CTails2,8030b ,4.4,61.1,0,33,0.2,1.6,100.3,4.4,60.9,32.9,0.2,1.6,36.2,1.8,4.7,70.1,1.6,4.1,61.1
133,Zn-CTails2,8026,5.2,61.2,0,33,0.2,0.3,100,5.2,61.2,33,0.2,0.3,35.7,0.3,5.7,69.9,0.3,5,61.5
134,Zn-CTails2,8000b ,4.4,62,0,33,0.2,0.4,100,4.4,62,33,0.2,0.4,35.7,0.5,4.8,69.6,0.4,4.3,62.1
135,Zn-CTails2,8005,7.2,58.7,0,33,0.2,1,100.1,7.2,58.6,33,0.2,1,37.1,1.1,7.5,67.6,1,6.6,59.3
136,Zn-CTails2,8027,6.2,58.6,0,33,0.2,1.4,99.4,6.2,59,33.2,0.2,1.4,36.8,1.5,6.7,68.7,1.3,5.8,59.7
137,Zn-CTails2,8000e ,3.9,62.8,0,33,0.2,0.5,100.5,3.9,62.5,32.9,0.2,0.5,35.2,0.7,4.1,71.5,0.6,3.6,62.6
138,Zn-CTails2,8009,4.1,62.9,0,33.1,0.2,0.5,100.8,4,62.4,32.8,0.2,0.5,35,0.6,4.2,70.2,0.5,3.8,62.5
139,Zn-CTails2,8000d ,3.9,63.2,0,33.1,0.3,0.3,100.8,3.8,62.7,32.9,0.3,0.3,35.4,0.5,4,72.4,0.4,3.5,62.8
140,Zn-CTails2,8025b ,6.5,59,0,33.1,0.4,1.2,100.2,6.5,58.9,33.1,0.4,1.2,36.2,1.3,7,69.1,1.2,6.1,59.6
141,Zn-CTails2,8021,6.6,59.2,0,33.2,0.2,1,100.2,6.6,59.1,33.1,0.2,1,36.8,1.2,6.8,67.8,1,6,59.8
142,Zn-CTails2,8000c ,5.1,61.9,0,33.2,0.2,0.3,100.7,5,61.4,33,0.2,0.3,36.3,0.5,5.4,70.8,0.4,4.7,61.7
143,Zn-CTails2,8006,4.4,62.2,0,33.3,0.2,0.4,100.6,4.4,61.9,33.1,0.2,0.4,35.4,0.4,4.9,69.9,0.4,4.4,62.1
144,Zn-CTails2,8000a ,6.7,59.1,0,33.3,0.4,1.2,100.6,6.6,58.7,33.1,0.4,1.2,36.3,1.3,7.1,68.1,1.1,6.2,59.5
145,Zn-CTails2,8007d ,5.5,59.2,0,33.3,0.3,2.1,100.4,5.5,59,33.2,0.3,2.1,36.6,2.2,5.9,67.7,2,5.2,59.7
146,Zn-CTails2,8007a ,6,59.9,0,33.3,0.2,0.6,100,6,59.9,33.3,0.2,0.6,36.1,0.8,6.4,68.8,0.7,5.6,60.5
147,Zn-CTails2,8013b ,4.1,61.7,0,33.3,0.2,0.8,100.2,4.1,61.6,33.2,0.2,0.8,35.8,0.9,4.4,70.8,0.8,3.9,62.1
148,Zn-CTails2,8007b ,4.1,62.6,0,33.3,0.2,0.5,100.7,4,62.2,33.1,0.2,0.5,35.5,0.7,4.5,71.1,0.6,3.9,62.3
149,Zn-CTails2,8007c ,4.2,62.5,0,33.4,0.2,0.6,100.9,4.2,61.9,33.1,0.2,0.6,35.4,0.7,4.4,70.5,0.6,3.9,62.3
150,Zn-CTails2,8003,5.9,60.8,0,33.5,0.1,0.6,101,5.8,60.3,33.2,0.1,0.6,36.2,0.8,6.5,68.3,0.7,5.7,60.4
151,Zn-CTails2,8013a ,5.8,60.3,0,33.5,0.2,0.9,100.8,5.8,59.9,33.3,0.2,0.9,36.1,1,6.3,69.6,0.9,5.5,60.4
152,Zn-CTails2,7972,5.6,60.5,0,33,0.2,0.8,100,5.6,60.5,33,0.2,0.8,36.1,0.9,6,68.7,0.8,5.3,60.7
153,Zn-CTails2,7984,4.7,61.1,0,33.1,0.3,0.4,99.5,4.7,61.4,33.2,0.3,0.4,36.4,0.4,5.1,69.9,0.4,4.5,61.9
